"Server","FolderName","Owner","Group","Identity","FileSystemRights","AccessControlType"
"btf-devt-wn31","ADMIN$","NT SERVICE\TrustedInstaller","NT SERVICE\TrustedInstaller","CREATOR OWNER","268435456","Allow"
"btf-devt-wn31","ADMIN$","NT SERVICE\TrustedInstaller","NT SERVICE\TrustedInstaller","NT AUTHORITY\SYSTEM","268435456","Allow"
"btf-devt-wn31","ADMIN$","NT SERVICE\TrustedInstaller","NT SERVICE\TrustedInstaller","NT AUTHORITY\SYSTEM","Modify, Synchronize","Allow"
"btf-devt-wn31","ADMIN$","NT SERVICE\TrustedInstaller","NT SERVICE\TrustedInstaller","BUILTIN\Administrators","268435456","Allow"
"btf-devt-wn31","ADMIN$","NT SERVICE\TrustedInstaller","NT SERVICE\TrustedInstaller","BUILTIN\Administrators","Modify, Synchronize","Allow"
"btf-devt-wn31","ADMIN$","NT SERVICE\TrustedInstaller","NT SERVICE\TrustedInstaller","BUILTIN\Users","-1610612736","Allow"
"btf-devt-wn31","ADMIN$","NT SERVICE\TrustedInstaller","NT SERVICE\TrustedInstaller","BUILTIN\Users","ReadAndExecute, Synchronize","Allow"
"btf-devt-wn31","ADMIN$","NT SERVICE\TrustedInstaller","NT SERVICE\TrustedInstaller","NT SERVICE\TrustedInstaller","268435456","Allow"
"btf-devt-wn31","ADMIN$","NT SERVICE\TrustedInstaller","NT SERVICE\TrustedInstaller","NT SERVICE\TrustedInstaller","FullControl","Allow"
"btf-devt-wn31","ADMIN$","NT SERVICE\TrustedInstaller","NT SERVICE\TrustedInstaller","APPLICATION PACKAGE AUTHORITY\ALL APPLICATION PACKAGES","ReadAndExecute, Synchronize","Allow"
"btf-devt-wn31","ADMIN$","NT SERVICE\TrustedInstaller","NT SERVICE\TrustedInstaller","APPLICATION PACKAGE AUTHORITY\ALL APPLICATION PACKAGES","-1610612736","Allow"
"btf-devt-wn31","ADMIN$","NT SERVICE\TrustedInstaller","NT SERVICE\TrustedInstaller","APPLICATION PACKAGE AUTHORITY\ALL RESTRICTED APPLICATION PACKAGES","ReadAndExecute, Synchronize","Allow"
"btf-devt-wn31","ADMIN$","NT SERVICE\TrustedInstaller","NT SERVICE\TrustedInstaller","APPLICATION PACKAGE AUTHORITY\ALL RESTRICTED APPLICATION PACKAGES","-1610612736","Allow"
"btf-devt-wn31","C$","NT SERVICE\TrustedInstaller","NT SERVICE\TrustedInstaller","CREATOR OWNER","268435456","Allow"
"btf-devt-wn31","C$","NT SERVICE\TrustedInstaller","NT SERVICE\TrustedInstaller","NT AUTHORITY\SYSTEM","FullControl","Allow"
"btf-devt-wn31","C$","NT SERVICE\TrustedInstaller","NT SERVICE\TrustedInstaller","BUILTIN\Administrators","FullControl","Allow"
"btf-devt-wn31","C$","NT SERVICE\TrustedInstaller","NT SERVICE\TrustedInstaller","BUILTIN\Users","AppendData","Allow"
"btf-devt-wn31","C$","NT SERVICE\TrustedInstaller","NT SERVICE\TrustedInstaller","BUILTIN\Users","CreateFiles","Allow"
"btf-devt-wn31","C$","NT SERVICE\TrustedInstaller","NT SERVICE\TrustedInstaller","BUILTIN\Users","ReadAndExecute, Synchronize","Allow"
"btf-devt-wn31","test","CRLAB\ABHIJITK","CRLAB\Domain Users","NT AUTHORITY\SYSTEM","FullControl","Allow"
"btf-devt-wn31","test","CRLAB\ABHIJITK","CRLAB\Domain Users","BUILTIN\Administrators","FullControl","Allow"
"btf-devt-wn31","test","CRLAB\ABHIJITK","CRLAB\Domain Users","CRLAB\ABHIJITK","FullControl","Allow"
"btfc-mgmt-rdp7","ADMIN$","NT SERVICE\TrustedInstaller","NT SERVICE\TrustedInstaller","CREATOR OWNER","268435456","Allow"
"btfc-mgmt-rdp7","ADMIN$","NT SERVICE\TrustedInstaller","NT SERVICE\TrustedInstaller","NT AUTHORITY\SYSTEM","268435456","Allow"
"btfc-mgmt-rdp7","ADMIN$","NT SERVICE\TrustedInstaller","NT SERVICE\TrustedInstaller","NT AUTHORITY\SYSTEM","Modify, Synchronize","Allow"
"btfc-mgmt-rdp7","ADMIN$","NT SERVICE\TrustedInstaller","NT SERVICE\TrustedInstaller","BUILTIN\Administrators","268435456","Allow"
"btfc-mgmt-rdp7","ADMIN$","NT SERVICE\TrustedInstaller","NT SERVICE\TrustedInstaller","BUILTIN\Administrators","Modify, Synchronize","Allow"
"btfc-mgmt-rdp7","ADMIN$","NT SERVICE\TrustedInstaller","NT SERVICE\TrustedInstaller","BUILTIN\Users","-1610612736","Allow"
"btfc-mgmt-rdp7","ADMIN$","NT SERVICE\TrustedInstaller","NT SERVICE\TrustedInstaller","BUILTIN\Users","ReadAndExecute, Synchronize","Allow"
"btfc-mgmt-rdp7","ADMIN$","NT SERVICE\TrustedInstaller","NT SERVICE\TrustedInstaller","NT SERVICE\TrustedInstaller","268435456","Allow"
"btfc-mgmt-rdp7","ADMIN$","NT SERVICE\TrustedInstaller","NT SERVICE\TrustedInstaller","NT SERVICE\TrustedInstaller","FullControl","Allow"
"btfc-mgmt-rdp7","ADMIN$","NT SERVICE\TrustedInstaller","NT SERVICE\TrustedInstaller","APPLICATION PACKAGE AUTHORITY\ALL APPLICATION PACKAGES","ReadAndExecute, Synchronize","Allow"
"btfc-mgmt-rdp7","ADMIN$","NT SERVICE\TrustedInstaller","NT SERVICE\TrustedInstaller","APPLICATION PACKAGE AUTHORITY\ALL APPLICATION PACKAGES","-1610612736","Allow"
"btfc-mgmt-rdp7","ADMIN$","NT SERVICE\TrustedInstaller","NT SERVICE\TrustedInstaller","APPLICATION PACKAGE AUTHORITY\ALL RESTRICTED APPLICATION PACKAGES","ReadAndExecute, Synchronize","Allow"
"btfc-mgmt-rdp7","ADMIN$","NT SERVICE\TrustedInstaller","NT SERVICE\TrustedInstaller","APPLICATION PACKAGE AUTHORITY\ALL RESTRICTED APPLICATION PACKAGES","-1610612736","Allow"
"btfc-mgmt-rdp7","C$","NT SERVICE\TrustedInstaller","NT SERVICE\TrustedInstaller","CREATOR OWNER","268435456","Allow"
"btfc-mgmt-rdp7","C$","NT SERVICE\TrustedInstaller","NT SERVICE\TrustedInstaller","NT AUTHORITY\SYSTEM","FullControl","Allow"
"btfc-mgmt-rdp7","C$","NT SERVICE\TrustedInstaller","NT SERVICE\TrustedInstaller","BUILTIN\Administrators","FullControl","Allow"
"btfc-mgmt-rdp7","C$","NT SERVICE\TrustedInstaller","NT SERVICE\TrustedInstaller","BUILTIN\Users","AppendData","Allow"
"btfc-mgmt-rdp7","C$","NT SERVICE\TrustedInstaller","NT SERVICE\TrustedInstaller","BUILTIN\Users","CreateFiles","Allow"
"btfc-mgmt-rdp7","C$","NT SERVICE\TrustedInstaller","NT SERVICE\TrustedInstaller","BUILTIN\Users","ReadAndExecute, Synchronize","Allow"
"btfc-mgmt-rdp7","test","CRLAB\ABHIJITK","CRLAB\Domain Users","NT AUTHORITY\SYSTEM","FullControl","Allow"
"btfc-mgmt-rdp7","test","CRLAB\ABHIJITK","CRLAB\Domain Users","BUILTIN\Administrators","FullControl","Allow"
"btfc-mgmt-rdp7","test","CRLAB\ABHIJITK","CRLAB\Domain Users","CRLAB\ABHIJITK","FullControl","Allow"
